0,Pathway_name,Coverage before LPA,Coverage after LPA,Difference,Matches before LPA,Matches after LPA,Pathway size
R-HSA-5619056,Defective HK1 causes hexokinase deficiency (HK deficiency),0.0,1.0,1.0,0,1,1
R-HSA-5619073,Defective GCK causes maturity-onset diabetes of the young 2 (MODY2),0.0,1.0,1.0,0,1,1
R-HSA-8981373,Intestinal hexose absorption,0.0,0.5,0.5,0,1,2
R-HSA-5619098,Defective SLC2A2 causes Fanconi-Bickel syndrome (FBS),0.0,0.5,0.5,0,1,2
R-HSA-170822,Regulation of Glucokinase by Glucokinase Regulatory Protein,0.0,0.3333333333333333,0.3333333333333333,0,1,3
R-HSA-5653890,Lactose synthesis,0.0,0.25,0.25,0,1,4
R-HSA-5619067,Defective SLC1A1 is implicated in schizophrenia 18 (SCZD18) and dicarboxylic aminoaciduria (DCBXA),0.0,0.25,0.25,0,1,4
R-HSA-5619062,Defective SLC1A3 causes episodic ataxia 6 (EA6),0.0,0.25,0.25,0,1,4
R-HSA-964975,Vitamin B6 activation to pyridoxal phosphate,0.2857142857142857,0.42857142857142855,0.14285714285714285,4,6,14
R-HSA-5652227,Fructose biosynthesis,0.0,0.125,0.125,0,1,8
R-HSA-196836,Vitamin C (ascorbate) metabolism,0.0,0.07142857142857142,0.07142857142857142,0,1,14
R-HSA-202131,Metabolism of nitric oxide: NOS3 activation and regulation,0.0,0.045454545454545456,0.045454545454545456,0,1,22
R-HSA-203615,eNOS activation,0.0,0.045454545454545456,0.045454545454545456,0,1,22
R-HSA-70263,Gluconeogenesis,0.0,0.038461538461538464,0.038461538461538464,0,1,26
R-HSA-70171,Glycolysis,0.0,0.03333333333333333,0.03333333333333333,0,1,30
R-HSA-389661,Glyoxylate metabolism and glycine degradation,0.06451612903225806,0.0967741935483871,0.03225806451612903,2,3,31
R-HSA-70326,Glucose metabolism,0.0,0.02702702702702703,0.02702702702702703,0,1,37
R-HSA-446203,Asparagine N-linked glycosylation,0.015748031496062992,0.007874015748031496,-0.007874015748031496,2,1,127
R-HSA-109582,Hemostasis,0.0125,0.0,-0.0125,1,0,80
R-HSA-9018678,Biosynthesis of specialized proresolving mediators (SPMs),0.014492753623188406,0.0,-0.014492753623188406,2,0,138
R-HSA-375280,Amine ligand-binding receptors,0.03076923076923077,0.015384615384615385,-0.015384615384615385,2,1,65
R-HSA-9824446,Viral Infection Pathways,0.023076923076923078,0.007692307692307693,-0.015384615384615385,3,1,130
R-HSA-9006934,Signaling by Receptor Tyrosine Kinases,0.01639344262295082,0.0,-0.01639344262295082,1,0,61
R-HSA-9824439,Bacterial Infection Pathways,0.01694915254237288,0.0,-0.01694915254237288,1,0,59
R-HSA-3781865,Diseases of glycosylation,0.01818181818181818,0.0,-0.01818181818181818,1,0,55
R-HSA-9840309,Glycosphingolipid biosynthesis,0.018867924528301886,0.0,-0.018867924528301886,1,0,53
R-HSA-1280218,Adaptive Immune System,0.02,0.0,-0.02,1,0,50
R-HSA-9635486,Infection with Mycobacterium tuberculosis,0.02,0.0,-0.02,1,0,50
R-HSA-5663205,Infectious disease,0.025380710659898477,0.005076142131979695,-0.02030456852791878,5,1,197
R-HSA-597592,Post-translational protein modification,0.04081632653061224,0.02040816326530612,-0.02040816326530612,8,4,196
R-HSA-9679506,SARS-CoV Infections,0.03125,0.010416666666666666,-0.020833333333333336,3,1,96
R-HSA-71403,Citric acid cycle (TCA cycle),0.021739130434782608,0.0,-0.021739130434782608,1,0,46
R-HSA-9717207,"Sensory perception of sweet, bitter, and umami (glutamate) taste",0.02197802197802198,0.0,-0.02197802197802198,2,0,91
R-HSA-446193,"Biosynthesis of the N-glycan precursor (dolichol lipid-linked oligosaccharide, LLO) and transfer to a nascent protein",0.022727272727272728,0.0,-0.022727272727272728,2,0,88
R-HSA-1222556,ROS and RNS production in phagocytes,0.022727272727272728,0.0,-0.022727272727272728,1,0,44
R-HSA-1640170,Cell Cycle,0.02564102564102564,0.0,-0.02564102564102564,1,0,39
R-HSA-446219,Synthesis of substrates in N-glycan biosythesis,0.02666666666666667,0.0,-0.02666666666666667,2,0,75
R-HSA-9694516,SARS-CoV-2 Infection,0.041666666666666664,0.013888888888888888,-0.027777777777777776,3,1,72
R-HSA-9683701,Translation of Structural Proteins,0.05555555555555555,0.027777777777777776,-0.027777777777777776,2,1,36
R-HSA-8953854,Metabolism of RNA,0.02857142857142857,0.0,-0.02857142857142857,3,0,105
R-HSA-1280215,Cytokine Signaling in Immune system,0.02857142857142857,0.0,-0.02857142857142857,1,0,35
R-HSA-156581,Methylation,0.029411764705882353,0.0,-0.029411764705882353,1,0,34
R-HSA-352230,Amino acid transport across the plasma membrane,0.09090909090909091,0.06060606060606061,-0.030303030303030304,3,2,33
R-HSA-69278,"Cell Cycle, Mitotic",0.030303030303030304,0.0,-0.030303030303030304,1,0,33
R-HSA-76002,"Platelet activation, signaling and aggregation",0.03125,0.0,-0.03125,1,0,32
R-HSA-168249,Innate Immune System,0.0390625,0.0078125,-0.03125,5,1,128
R-HSA-418346,Platelet homeostasis,0.03125,0.0,-0.03125,1,0,32
R-HSA-9717189,Sensory perception of taste,0.031578947368421054,0.0,-0.031578947368421054,3,0,95
R-HSA-9678108,SARS-CoV-1 Infection,0.047619047619047616,0.015873015873015872,-0.031746031746031744,3,1,63
R-HSA-156588,Glucuronidation,0.03225806451612903,0.0,-0.03225806451612903,1,0,31
R-HSA-1428517,Aerobic respiration and respiratory electron transport,0.03333333333333333,0.0,-0.03333333333333333,3,0,90
R-HSA-9018683,Biosynthesis of DPA-derived SPMs,0.03333333333333333,0.0,-0.03333333333333333,1,0,30
R-HSA-163841,"Gamma carboxylation, hypusinylation, hydroxylation, and arylsulfatase activation",0.034482758620689655,0.0,-0.034482758620689655,1,0,29
R-HSA-2142691,Synthesis of Leukotrienes (LT) and Eoxins (EX),0.03571428571428571,0.0,-0.03571428571428571,1,0,28
R-HSA-5423646,Aflatoxin activation and detoxification,0.03571428571428571,0.0,-0.03571428571428571,1,0,28
R-HSA-168256,Immune System,0.043209876543209874,0.006172839506172839,-0.037037037037037035,7,1,162
R-HSA-72306,tRNA processing,0.0375,0.0,-0.0375,3,0,80
R-HSA-196849,Metabolism of water-soluble vitamins and cofactors,0.10526315789473684,0.06766917293233082,-0.03759398496240601,14,9,133
R-HSA-549127,Organic cation transport,0.11538461538461539,0.07692307692307693,-0.038461538461538464,3,2,26
R-HSA-9854311,Maturation of TCA enzymes and regulation of TCA cycle,0.038461538461538464,0.0,-0.038461538461538464,1,0,26
R-HSA-9018679,Biosynthesis of EPA-derived SPMs,0.038461538461538464,0.0,-0.038461538461538464,1,0,26
R-HSA-2162123,Synthesis of Prostaglandins (PG) and Thromboxanes (TX),0.06,0.02,-0.039999999999999994,3,1,50
R-HSA-9027604,Biosynthesis of electrophilic ω-3 PUFA oxo-derivatives,0.04,0.0,-0.04,1,0,25
R-HSA-196757,Metabolism of folate and pterines,0.04,0.0,-0.04,1,0,25
R-HSA-8979227,Triglyceride metabolism,0.04,0.0,-0.04,1,0,25
R-HSA-6782315,tRNA modification in the nucleus and cytosol,0.0410958904109589,0.0,-0.0410958904109589,3,0,73
R-HSA-1483166,Synthesis of PA,0.041666666666666664,0.0,-0.041666666666666664,1,0,24
R-HSA-983169,Class I MHC mediated antigen processing & presentation,0.041666666666666664,0.0,-0.041666666666666664,1,0,24
R-HSA-211981,Xenobiotics,0.0425531914893617,0.0,-0.0425531914893617,2,0,47
R-HSA-8964539,Glutamate and glutamine metabolism,0.043478260869565216,0.0,-0.043478260869565216,1,0,23
R-HSA-532668,N-glycan trimming in the ER and Calnexin/Calreticulin cycle,0.043478260869565216,0.0,-0.043478260869565216,1,0,23
R-HSA-9006925,Intracellular signaling by second messengers,0.043478260869565216,0.0,-0.043478260869565216,1,0,23
R-HSA-112314,Neurotransmitter receptors and postsynaptic signal transmission,0.043478260869565216,0.0,-0.043478260869565216,1,0,23
R-HSA-2514856,The phototransduction cascade,0.043478260869565216,0.0,-0.043478260869565216,1,0,23
R-HSA-163685,Integration of energy metabolism,0.06666666666666667,0.022222222222222223,-0.04444444444444444,3,1,45
R-HSA-5663084,Diseases of carbohydrate metabolism,0.044444444444444446,0.0,-0.044444444444444446,2,0,45
R-HSA-195721,Signaling by WNT,0.045454545454545456,0.0,-0.045454545454545456,1,0,22
R-HSA-428157,Sphingolipid metabolism,0.045454545454545456,0.0,-0.045454545454545456,5,0,110
R-HSA-9694631,Maturation of nucleoprotein,0.045454545454545456,0.0,-0.045454545454545456,1,0,22
R-HSA-71387,Metabolism of carbohydrates,0.05228758169934641,0.006535947712418301,-0.04575163398692811,8,1,153
R-HSA-2408522,Selenoamino acid metabolism,0.07692307692307693,0.03076923076923077,-0.046153846153846156,5,2,65
R-HSA-9658195,Leishmania infection,0.047619047619047616,0.0,-0.047619047619047616,2,0,42
R-HSA-983712,Ion channel transport,0.047619047619047616,0.0,-0.047619047619047616,1,0,21
R-HSA-390247,Beta-oxidation of very long chain fatty acids,0.047619047619047616,0.0,-0.047619047619047616,1,0,21
R-HSA-9824443,Parasitic Infection Pathways,0.047619047619047616,0.0,-0.047619047619047616,2,0,42
R-HSA-9709957,Sensory Perception,0.06796116504854369,0.019417475728155338,-0.04854368932038835,14,4,206
R-HSA-9694635,Translation of Structural Proteins,0.07317073170731707,0.024390243902439025,-0.048780487804878044,3,1,41
R-HSA-9772573,Late SARS-CoV-2 Infection Events,0.07317073170731707,0.024390243902439025,-0.048780487804878044,3,1,41
R-HSA-70268,Pyruvate metabolism,0.04878048780487805,0.0,-0.04878048780487805,2,0,41
R-HSA-9748784,Drug ADME,0.049586776859504134,0.0,-0.049586776859504134,6,0,121
R-HSA-9861718,Regulation of pyruvate metabolism,0.05,0.0,-0.05,1,0,20
R-HSA-68886,M Phase,0.05,0.0,-0.05,1,0,20
R-HSA-975576,N-glycan antennae elongation in the medial/trans-Golgi,0.05,0.0,-0.05,1,0,20
R-HSA-2514859,"Inactivation, recovery and regulation of the phototransduction cascade",0.05,0.0,-0.05,1,0,20
R-HSA-196854,Metabolism of vitamins and cofactors,0.095,0.045,-0.05,19,9,200
R-HSA-5609975,Diseases associated with glycosylation precursor biosynthesis,0.05,0.0,-0.05,1,0,20
R-HSA-111885,Opioid Signalling,0.05,0.0,-0.05,1,0,20
R-HSA-1660662,Glycosphingolipid metabolism,0.05194805194805195,0.0,-0.05194805194805195,4,0,77
R-HSA-174824,"Plasma lipoprotein assembly, remodeling, and clearance",0.05263157894736842,0.0,-0.05263157894736842,1,0,19
R-HSA-5652084,Fructose metabolism,0.10526315789473684,0.05263157894736842,-0.05263157894736842,2,1,19
R-HSA-2142753,Arachidonic acid metabolism,0.06140350877192982,0.008771929824561403,-0.05263157894736842,7,1,114
R-HSA-1483249,Inositol phosphate metabolism,0.05263157894736842,0.0,-0.05263157894736842,2,0,38
R-HSA-1630316,Glycosaminoglycan metabolism,0.05263157894736842,0.0,-0.05263157894736842,3,0,57
R-HSA-5693532,DNA Double-Strand Break Repair,0.05263157894736842,0.0,-0.05263157894736842,1,0,19
R-HSA-70921,Histidine catabolism,0.10526315789473684,0.05263157894736842,-0.05263157894736842,2,1,19
R-HSA-381753,Olfactory Signaling Pathway,0.10526315789473684,0.05263157894736842,-0.05263157894736842,6,3,57
R-HSA-389599,Alpha-oxidation of phytanate,0.05263157894736842,0.0,-0.05263157894736842,1,0,19
R-HSA-6782861,Synthesis of wybutosine at G37 of tRNA(Phe),0.05263157894736842,0.0,-0.05263157894736842,1,0,19
R-HSA-204174,Regulation of pyruvate dehydrogenase (PDH) complex,0.05263157894736842,0.0,-0.05263157894736842,1,0,19
R-HSA-168898,Toll-like Receptor Cascades,0.05263157894736842,0.0,-0.05263157894736842,2,0,38
R-HSA-3296482,Defects in vitamin and cofactor metabolism,0.05555555555555555,0.0,-0.05555555555555555,1,0,18
R-HSA-9018896,Biosynthesis of E-series 18(S)-resolvins,0.05555555555555555,0.0,-0.05555555555555555,1,0,18
R-HSA-8848584,Wax and plasmalogen biosynthesis,0.05555555555555555,0.0,-0.05555555555555555,1,0,18
R-HSA-192105,Synthesis of bile acids and bile salts,0.05555555555555555,0.0,-0.05555555555555555,4,0,72
R-HSA-70895,Branched-chain amino acid catabolism,0.05555555555555555,0.0,-0.05555555555555555,2,0,36
R-HSA-72312,rRNA processing,0.05555555555555555,0.0,-0.05555555555555555,1,0,18
R-HSA-194068,Bile acid and bile salt metabolism,0.05555555555555555,0.0,-0.05555555555555555,4,0,72
R-HSA-9845614,Sphingolipid catabolism,0.05555555555555555,0.0,-0.05555555555555555,1,0,18
R-HSA-112040,G-protein mediated events,0.05555555555555555,0.0,-0.05555555555555555,1,0,18
R-HSA-392499,Metabolism of proteins,0.07120743034055728,0.015479876160990712,-0.05572755417956657,23,5,323
R-HSA-6790901,rRNA modification in the nucleus and cytosol,0.058823529411764705,0.0,-0.058823529411764705,1,0,17
R-HSA-6787450,tRNA modification in the mitochondrion,0.058823529411764705,0.0,-0.058823529411764705,1,0,17
R-HSA-8868773,rRNA processing in the nucleus and cytosol,0.058823529411764705,0.0,-0.058823529411764705,1,0,17
R-HSA-112043,PLC beta mediated events,0.058823529411764705,0.0,-0.058823529411764705,1,0,17
R-HSA-975578,Reactions specific to the complex N-glycan synthesis pathway,0.058823529411764705,0.0,-0.058823529411764705,1,0,17
R-HSA-156580,Phase II - Conjugation of compounds,0.06802721088435375,0.006802721088435374,-0.06122448979591837,10,1,147
R-HSA-2187338,Visual phototransduction,0.06153846153846154,0.0,-0.06153846153846154,4,0,65
R-HSA-193807,Synthesis of bile acids and bile salts via 27-hydroxycholesterol,0.0625,0.0,-0.0625,1,0,16
R-HSA-391903,Eicosanoid ligand-binding receptors,0.0625,0.0,-0.0625,1,0,16
R-HSA-1638074,Keratan sulfate/keratin metabolism,0.0625,0.0,-0.0625,1,0,16
R-HSA-351202,Metabolism of polyamines,0.0625,0.0,-0.0625,1,0,16
R-HSA-163560,Triglyceride catabolism,0.0625,0.0,-0.0625,1,0,16
R-HSA-77289,Mitochondrial Fatty Acid Beta-Oxidation,0.0625,0.0,-0.0625,4,0,64
R-HSA-1483213,Synthesis of PE,0.0625,0.0,-0.0625,1,0,16
R-HSA-191273,Cholesterol biosynthesis,0.0625,0.0,-0.0625,3,0,48
R-HSA-1430728,Metabolism,0.0859375,0.022786458333333332,-0.06315104166666667,132,35,1536
R-HSA-71291,Metabolism of amino acids and derivatives,0.10877192982456141,0.0456140350877193,-0.06315789473684211,31,13,285
R-HSA-9753281,Paracetamol ADME,0.06451612903225806,0.0,-0.06451612903225806,2,0,31
R-HSA-1614558,Degradation of cysteine and homocysteine,0.06451612903225806,0.0,-0.06451612903225806,2,0,31
R-HSA-71384,Ethanol oxidation,0.06666666666666667,0.0,-0.06666666666666667,1,0,15
R-HSA-211999,CYP2E1 reactions,0.06666666666666667,0.0,-0.06666666666666667,1,0,15
R-HSA-5661270,Formation of xylulose-5-phosphate,0.06666666666666667,0.0,-0.06666666666666667,1,0,15
R-HSA-199991,Membrane Trafficking,0.06666666666666667,0.0,-0.06666666666666667,2,0,30
R-HSA-425393,Transport of inorganic cations/anions and amino acids/oligopeptides,0.11864406779661017,0.05084745762711865,-0.06779661016949153,7,3,59
R-HSA-211859,Biological oxidations,0.09907120743034056,0.030959752321981424,-0.06811145510835914,32,10,323
R-HSA-9711123,Cellular response to chemical stress,0.06976744186046512,0.0,-0.06976744186046512,3,0,43
R-HSA-6787639,GDP-fucose biosynthesis,0.07142857142857142,0.0,-0.07142857142857142,1,0,14
R-HSA-2029485,Role of phospholipids in phagocytosis,0.07142857142857142,0.0,-0.07142857142857142,1,0,14
R-HSA-1237112,Methionine salvage pathway,0.07142857142857142,0.0,-0.07142857142857142,1,0,14
R-HSA-112311,Neurotransmitter clearance,0.14285714285714285,0.07142857142857142,-0.07142857142857142,4,2,28
R-HSA-1660499,Synthesis of PIPs at the plasma membrane,0.07142857142857142,0.0,-0.07142857142857142,1,0,14
R-HSA-418555,G alpha (s) signalling events,0.10714285714285714,0.03571428571428571,-0.07142857142857142,3,1,28
R-HSA-445717,Aquaporin-mediated transport,0.07142857142857142,0.0,-0.07142857142857142,1,0,14
R-HSA-157118,Signaling by NOTCH,0.07142857142857142,0.0,-0.07142857142857142,1,0,14
R-HSA-2173782,Binding and Uptake of Ligands by Scavenger Receptors,0.07317073170731707,0.0,-0.07317073170731707,3,0,41
R-HSA-5653656,Vesicle-mediated transport,0.07462686567164178,0.0,-0.07462686567164178,5,0,67
R-HSA-77286,mitochondrial fatty acid beta-oxidation of saturated fatty acids,0.075,0.0,-0.075,3,0,40
R-HSA-418594,G alpha (i) signalling events,0.08490566037735849,0.009433962264150943,-0.07547169811320754,9,1,106
R-HSA-8978868,Fatty acid metabolism,0.0796812749003984,0.00398406374501992,-0.07569721115537849,20,1,251
R-HSA-977347,Serine biosynthesis,0.07692307692307693,0.0,-0.07692307692307693,1,0,13
R-HSA-9755088,Ribavirin ADME,0.07692307692307693,0.0,-0.07692307692307693,1,0,13
R-HSA-76005,Response to elevated platelet cytosolic Ca2+,0.07692307692307693,0.0,-0.07692307692307693,1,0,13
R-HSA-70350,Fructose catabolism,0.07692307692307693,0.0,-0.07692307692307693,1,0,13
R-HSA-2046106,alpha-linolenic acid (ALA) metabolism,0.07692307692307693,0.0,-0.07692307692307693,2,0,26
R-HSA-2990846,SUMOylation,0.23076923076923078,0.15384615384615385,-0.07692307692307693,3,2,13
R-HSA-8963899,Plasma lipoprotein remodeling,0.07692307692307693,0.0,-0.07692307692307693,1,0,13
R-HSA-209968,Thyroxine biosynthesis,0.07692307692307693,0.0,-0.07692307692307693,1,0,13
R-HSA-727802,Transport of nucleotide sugars,0.07692307692307693,0.0,-0.07692307692307693,1,0,13
R-HSA-1474165,Reproduction,0.07692307692307693,0.0,-0.07692307692307693,1,0,13
R-HSA-556833,Metabolism of lipids,0.08428571428571428,0.007142857142857143,-0.07714285714285714,59,5,700
R-HSA-1643685,Disease,0.08979591836734693,0.012244897959183673,-0.07755102040816327,44,6,490
R-HSA-2672351,Stimuli-sensing channels,0.08333333333333333,0.0,-0.08333333333333333,1,0,12
R-HSA-71262,Carnitine synthesis,0.08333333333333333,0.0,-0.08333333333333333,1,0,12
R-HSA-1660514,Synthesis of PIPs at the Golgi membrane,0.08333333333333333,0.0,-0.08333333333333333,1,0,12
R-HSA-422356,Regulation of insulin secretion,0.08333333333333333,0.0,-0.08333333333333333,3,0,36
R-HSA-964739,N-glycan trimming and elongation in the cis-Golgi,0.08333333333333333,0.0,-0.08333333333333333,1,0,12
R-HSA-9640463,Wax biosynthesis,0.08333333333333333,0.0,-0.08333333333333333,1,0,12
R-HSA-6811442,Intra-Golgi and retrograde Golgi-to-ER traffic,0.08333333333333333,0.0,-0.08333333333333333,1,0,12
R-HSA-9840310,Glycosphingolipid catabolism,0.08333333333333333,0.0,-0.08333333333333333,3,0,36
R-HSA-77352,Beta oxidation of butanoyl-CoA to acetyl-CoA,0.08333333333333333,0.0,-0.08333333333333333,1,0,12
R-HSA-193368,Synthesis of bile acids and bile salts via 7alpha-hydroxycholesterol,0.08333333333333333,0.0,-0.08333333333333333,4,0,48
R-HSA-1912422,Pre-NOTCH Expression and Processing,0.08333333333333333,0.0,-0.08333333333333333,1,0,12
R-HSA-73894,DNA Repair,0.11864406779661017,0.03389830508474576,-0.0847457627118644,7,2,59
R-HSA-1614635,Sulfur amino acid metabolism,0.11864406779661017,0.03389830508474576,-0.0847457627118644,7,2,59
R-HSA-9749641,Aspirin ADME,0.08571428571428572,0.0,-0.08571428571428572,3,0,35
R-HSA-9664433,Leishmania parasite growth and survival,0.08695652173913043,0.0,-0.08695652173913043,2,0,23
R-HSA-2161522,Abacavir ADME,0.08695652173913043,0.0,-0.08695652173913043,2,0,23
R-HSA-9662851,Anti-inflammatory response favouring Leishmania parasite infection,0.08695652173913043,0.0,-0.08695652173913043,2,0,23
R-HSA-425366,"Transport of bile salts and organic acids, metal ions and amine compounds",0.13924050632911392,0.05063291139240506,-0.08860759493670886,11,4,79
R-HSA-211945,Phase I - Functionalization of compounds,0.13612565445026178,0.04712041884816754,-0.08900523560209425,26,9,191
R-HSA-74160,Gene expression (Transcription),0.12987012987012986,0.03896103896103896,-0.0909090909090909,10,3,77
R-HSA-77348,Beta oxidation of octanoyl-CoA to hexanoyl-CoA,0.09090909090909091,0.0,-0.09090909090909091,1,0,11
R-HSA-1483148,Synthesis of PG,0.09090909090909091,0.0,-0.09090909090909091,1,0,11
R-HSA-5693567,HDR through Homologous Recombination (HRR) or Single Strand Annealing (SSA),0.09090909090909091,0.0,-0.09090909090909091,1,0,11
R-HSA-114608,Platelet degranulation ,0.09090909090909091,0.0,-0.09090909090909091,1,0,11
R-HSA-418038,Nucleotide-like (purinergic) receptors,0.09090909090909091,0.0,-0.09090909090909091,1,0,11
R-HSA-1483191,Synthesis of PC,0.09090909090909091,0.0,-0.09090909090909091,3,0,33
R-HSA-5693538,Homology Directed Repair,0.09090909090909091,0.0,-0.09090909090909091,1,0,11
R-HSA-2161541,Abacavir metabolism,0.09090909090909091,0.0,-0.09090909090909091,2,0,22
R-HSA-77350,Beta oxidation of hexanoyl-CoA to butanoyl-CoA,0.09090909090909091,0.0,-0.09090909090909091,1,0,11
R-HSA-166520,Signaling by NTRKs,0.09090909090909091,0.0,-0.09090909090909091,1,0,11
R-HSA-77310,Beta oxidation of lauroyl-CoA to decanoyl-CoA-CoA,0.09090909090909091,0.0,-0.09090909090909091,1,0,11
R-HSA-8963693,Aspartate and asparagine metabolism,0.09090909090909091,0.0,-0.09090909090909091,2,0,22
R-HSA-901032,ER Quality Control Compartment (ERQC),0.09090909090909091,0.0,-0.09090909090909091,1,0,11
R-HSA-8849175,Threonine catabolism,0.09090909090909091,0.0,-0.09090909090909091,1,0,11
R-HSA-166187,Mitochondrial Uncoupling,0.09090909090909091,0.0,-0.09090909090909091,1,0,11
R-HSA-390918,Peroxisomal lipid metabolism,0.09259259259259259,0.0,-0.09259259259259259,5,0,54
R-HSA-1483206,Glycerophospholipid biosynthesis,0.09278350515463918,0.0,-0.09278350515463918,9,0,97
R-HSA-372790,Signaling by GPCR,0.10126582278481013,0.008438818565400843,-0.09282700421940929,24,2,237
R-HSA-3000480,Scavenging by Class A Receptors,0.09375,0.0,-0.09375,3,0,32
R-HSA-112316,Neuronal System,0.14864864864864866,0.05405405405405406,-0.0945945945945946,11,4,74
R-HSA-112315,Transmission across Chemical Synapses,0.14864864864864866,0.05405405405405406,-0.0945945945945946,11,4,74
R-HSA-2453902,The canonical retinoid cycle in rods (twilight vision),0.0967741935483871,0.0,-0.0967741935483871,3,0,31
R-HSA-209776,Metabolism of amine-derived hormones,0.0967741935483871,0.0,-0.0967741935483871,3,0,31
R-HSA-8963743,Digestion and absorption,0.12195121951219512,0.024390243902439025,-0.0975609756097561,5,1,41
R-HSA-500792,GPCR ligand binding,0.107981220657277,0.009389671361502348,-0.09859154929577466,23,2,213
R-HSA-3108232,SUMO E3 ligases SUMOylate target proteins,0.3,0.2,-0.09999999999999998,3,2,10
R-HSA-2408508,"Metabolism of ingested SeMet, Sec, MeSec into H2Se",0.16666666666666666,0.06666666666666667,-0.09999999999999999,5,2,30
R-HSA-71240,Tryptophan catabolism,0.13333333333333333,0.03333333333333333,-0.1,4,1,30
R-HSA-1638091,Heparan sulfate/heparin (HS-GAG) metabolism,0.1,0.0,-0.1,3,0,30
R-HSA-2024096,HS-GAG degradation,0.1,0.0,-0.1,2,0,20
R-HSA-5696398,Nucleotide Excision Repair,0.1,0.0,-0.1,1,0,10
R-HSA-187037,Signaling by NTRK1 (TRKA),0.1,0.0,-0.1,1,0,10
R-HSA-73887,Death Receptor Signaling,0.1,0.0,-0.1,1,0,10
R-HSA-8964058,HDL remodeling,0.1,0.0,-0.1,1,0,10
R-HSA-5223345,Miscellaneous transport and binding events,0.1,0.0,-0.1,1,0,10
R-HSA-8935690,Digestion,0.125,0.025,-0.1,5,1,40
R-HSA-983170,"Antigen Presentation: Folding, assembly and peptide loading of class I MHC",0.1,0.0,-0.1,1,0,10
R-HSA-5619084,ABC transporter disorders,0.1,0.0,-0.1,2,0,20
R-HSA-201556,Signaling by ALK,0.1,0.0,-0.1,1,0,10
R-HSA-193704,p75 NTR receptor-mediated signalling,0.1,0.0,-0.1,1,0,10
R-HSA-196108,Pregnenolone biosynthesis,0.1,0.0,-0.1,1,0,10
R-HSA-15869,Metabolism of nucleotides,0.12080536912751678,0.020134228187919462,-0.10067114093959732,18,3,149
R-HSA-1483257,Phospholipid metabolism,0.102803738317757,0.0,-0.102803738317757,11,0,107
R-HSA-8953897,Cellular responses to stimuli,0.13793103448275862,0.034482758620689655,-0.10344827586206896,12,3,87
R-HSA-5686938,Regulation of TLR by endogenous ligand,0.10526315789473684,0.0,-0.10526315789473684,2,0,19
R-HSA-2046105,Linoleic acid (LA) metabolism,0.10526315789473684,0.0,-0.10526315789473684,2,0,19
R-HSA-2262752,Cellular responses to stress,0.1411764705882353,0.03529411764705882,-0.10588235294117647,12,3,85
R-HSA-73857,RNA Polymerase II Transcription,0.15151515151515152,0.045454545454545456,-0.10606060606060606,10,3,66
R-HSA-196807,Nicotinate metabolism,0.12727272727272726,0.01818181818181818,-0.10909090909090907,7,1,55
R-HSA-162582,Signal Transduction,0.12394366197183099,0.014084507042253521,-0.10985915492957747,44,5,355
R-HSA-399997,Acetylcholine regulates insulin secretion,0.1111111111111111,0.0,-0.1111111111111111,1,0,9
R-HSA-2046104,alpha-linolenic (omega3) and linoleic (omega6) acid metabolism,0.1111111111111111,0.0,-0.1111111111111111,4,0,36
R-HSA-212165,Epigenetic regulation of gene expression,0.1111111111111111,0.0,-0.1111111111111111,2,0,18
R-HSA-74182,Ketone body metabolism,0.1111111111111111,0.0,-0.1111111111111111,2,0,18
R-HSA-70370,Galactose catabolism,0.1111111111111111,0.0,-0.1111111111111111,1,0,9
R-HSA-1445148,Translocation of SLC2A4 (GLUT4) to the plasma membrane,0.1111111111111111,0.0,-0.1111111111111111,1,0,9
R-HSA-446205,Synthesis of GDP-mannose,0.1111111111111111,0.0,-0.1111111111111111,1,0,9
R-HSA-201681,TCF dependent signaling in response to WNT,0.1111111111111111,0.0,-0.1111111111111111,1,0,9
R-HSA-382556,ABC-family proteins mediated transport,0.1111111111111111,0.0,-0.1111111111111111,2,0,18
R-HSA-1369062,ABC transporters in lipid homeostasis,0.1111111111111111,0.0,-0.1111111111111111,1,0,9
R-HSA-1266738,Developmental Biology,0.11475409836065574,0.0,-0.11475409836065574,7,0,61
R-HSA-6806667,Metabolism of fat-soluble vitamins,0.11627906976744186,0.0,-0.11627906976744186,5,0,43
R-HSA-2029480,Fcgamma receptor (FCGR) dependent phagocytosis,0.11764705882352941,0.0,-0.11764705882352941,2,0,17
R-HSA-549132,Organic cation/anion/zwitterion transport,0.17647058823529413,0.058823529411764705,-0.11764705882352942,6,2,34
R-HSA-189085,Digestion of dietary carbohydrate,0.17647058823529413,0.058823529411764705,-0.11764705882352942,3,1,17
R-HSA-9707564,Cytoprotection by HMOX1,0.12,0.0,-0.12,3,0,25
R-HSA-5668914,Diseases of metabolism,0.13253012048192772,0.012048192771084338,-0.12048192771084339,22,2,166
R-HSA-212436,Generic Transcription Pathway,0.1724137931034483,0.05172413793103448,-0.12068965517241381,10,3,58
R-HSA-8939211,ESR-mediated signaling,0.12121212121212122,0.0,-0.12121212121212122,4,0,33
R-HSA-9680350,Signaling by CSF1 (M-CSF) in myeloid cells,0.125,0.0,-0.125,1,0,8
R-HSA-400451,Free fatty acids regulate insulin secretion,0.125,0.0,-0.125,2,0,16
R-HSA-77111,Synthesis of Ketone Bodies,0.125,0.0,-0.125,2,0,16
R-HSA-9716542,"Signaling by Rho GTPases, Miro GTPases and RHOBTB3",0.125,0.0,-0.125,3,0,24
R-HSA-73942,DNA Damage Reversal,0.125,0.0,-0.125,1,0,8
R-HSA-73933,Resolution of Abasic Sites (AP sites),0.125,0.0,-0.125,1,0,8
R-HSA-5696399,Global Genome Nucleotide Excision Repair (GG-NER),0.125,0.0,-0.125,1,0,8
R-HSA-5693607,Processing of DNA double-strand break ends,0.125,0.0,-0.125,1,0,8
R-HSA-9675143,Diseases of the neuronal system,0.125,0.0,-0.125,2,0,16
R-HSA-8848021,Signaling by PTK6,0.375,0.25,-0.125,3,2,8
R-HSA-1483226,Synthesis of PI,0.125,0.0,-0.125,1,0,8
R-HSA-9634815,Transcriptional Regulation by NPAS4,0.375,0.25,-0.125,3,2,8
R-HSA-5617833,Cilium Assembly,0.125,0.0,-0.125,1,0,8
R-HSA-9659379,Sensory processing of sound,0.125,0.0,-0.125,1,0,8
R-HSA-2132295,MHC class II antigen presentation,0.125,0.0,-0.125,1,0,8
R-HSA-2474795,Diseases associated with visual transduction,0.125,0.0,-0.125,2,0,16
R-HSA-9662361,Sensory processing of sound by outer hair cells of the cochlea,0.125,0.0,-0.125,1,0,8
R-HSA-2453864,Retinoid cycle disease events,0.125,0.0,-0.125,2,0,16
R-HSA-9006927,Signaling by Non-Receptor Tyrosine Kinases,0.375,0.25,-0.125,3,2,8
R-HSA-975634,Retinoid metabolism and transport,0.125,0.0,-0.125,4,0,32
R-HSA-194315,Signaling by Rho GTPases,0.125,0.0,-0.125,3,0,24
R-HSA-195258,RHO GTPase Effectors,0.125,0.0,-0.125,3,0,24
R-HSA-4090294,SUMOylation of intracellular receptors,0.375,0.25,-0.125,3,2,8
R-HSA-382551,Transport of small molecules,0.16342412451361868,0.0311284046692607,-0.13229571984435798,42,8,257
R-HSA-192456,Digestion of dietary lipid,0.13333333333333333,0.0,-0.13333333333333333,2,0,15
R-HSA-1257604,PIP3 activates AKT signaling,0.13333333333333333,0.0,-0.13333333333333333,2,0,15
R-HSA-388396,GPCR downstream signalling,0.14838709677419354,0.012903225806451613,-0.13548387096774192,23,2,155
R-HSA-373076,Class A/1 (Rhodopsin-like receptors),0.14193548387096774,0.0064516129032258064,-0.13548387096774195,22,1,155
R-HSA-197264,Nicotinamide salvaging,0.1590909090909091,0.022727272727272728,-0.13636363636363635,7,1,44
R-HSA-8956319,Nucleotide catabolism,0.16666666666666666,0.029411764705882353,-0.1372549019607843,17,3,102
R-HSA-9006931,Signaling by Nuclear Receptors,0.13793103448275862,0.0,-0.13793103448275862,8,0,58
R-HSA-5362517,Signaling by Retinoic Acid,0.13793103448275862,0.0,-0.13793103448275862,4,0,29
R-HSA-74259,Purine catabolism,0.14035087719298245,0.0,-0.14035087719298245,8,0,57
R-HSA-112310,Neurotransmitter release cycle,0.19047619047619047,0.047619047619047616,-0.14285714285714285,8,2,42
R-HSA-6807062,Cholesterol biosynthesis via lathosterol,0.14285714285714285,0.0,-0.14285714285714285,1,0,7
R-HSA-196780,Biotin transport and metabolism,0.14285714285714285,0.0,-0.14285714285714285,1,0,7
R-HSA-5602358,Diseases associated with the TLR signaling cascade,0.14285714285714285,0.0,-0.14285714285714285,2,0,14
R-HSA-2022857,Keratan sulfate degradation,0.14285714285714285,0.0,-0.14285714285714285,1,0,7
R-HSA-71032,Propionyl-CoA catabolism,0.14285714285714285,0.0,-0.14285714285714285,1,0,7
R-HSA-9660821,ADORA2B mediated anti-inflammatory cytokines production,0.14285714285714285,0.0,-0.14285714285714285,1,0,7
R-HSA-5260271,Diseases of Immune System,0.14285714285714285,0.0,-0.14285714285714285,2,0,14
R-HSA-977225,Amyloid fiber formation,0.14285714285714285,0.0,-0.14285714285714285,1,0,7
R-HSA-1855183,"Synthesis of IP2, IP, and Ins in the cytosol",0.14285714285714285,0.0,-0.14285714285714285,2,0,14
R-HSA-5365859,RA biosynthesis pathway,0.14285714285714285,0.0,-0.14285714285714285,2,0,14
R-HSA-432040,Vasopressin regulates renal water homeostasis via Aquaporins,0.14285714285714285,0.0,-0.14285714285714285,1,0,7
R-HSA-211897,Cytochrome P450 - arranged by substrate type,0.1694915254237288,0.025423728813559324,-0.1440677966101695,20,3,118
R-HSA-8957322,Metabolism of steroids,0.16352201257861634,0.018867924528301886,-0.14465408805031446,26,3,159
R-HSA-73884,Base Excision Repair,0.23076923076923078,0.07692307692307693,-0.15384615384615385,6,2,26
R-HSA-77346,Beta oxidation of decanoyl-CoA to octanoyl-CoA-CoA,0.15384615384615385,0.0,-0.15384615384615385,2,0,13
R-HSA-1852241,Organelle biogenesis and maintenance,0.16,0.0,-0.16,4,0,25
R-HSA-73621,Pyrimidine catabolism,0.24324324324324326,0.08108108108108109,-0.16216216216216217,9,3,37
R-HSA-8853383,Lysosomal oligosaccharide catabolism,0.16666666666666666,0.0,-0.16666666666666666,1,0,6
R-HSA-389887,Beta-oxidation of pristanoyl-CoA,0.16666666666666666,0.0,-0.16666666666666666,3,0,18
R-HSA-9007101,Rab regulation of trafficking,0.16666666666666666,0.0,-0.16666666666666666,1,0,6
R-HSA-200425,Carnitine metabolism,0.16666666666666666,0.0,-0.16666666666666666,2,0,12
R-HSA-391906,Leukotriene receptors,0.16666666666666666,0.0,-0.16666666666666666,1,0,6
R-HSA-427413,NoRC negatively regulates rRNA expression,0.16666666666666666,0.0,-0.16666666666666666,1,0,6
R-HSA-110373,Resolution of AP sites via the multiple-nucleotide patch replacement pathway,0.16666666666666666,0.0,-0.16666666666666666,1,0,6
R-HSA-2187335,The retinoid cycle in cones (daylight vision),0.16666666666666666,0.0,-0.16666666666666666,2,0,12
R-HSA-73943,Reversal of alkylation damage by DNA dioxygenases,0.16666666666666666,0.0,-0.16666666666666666,1,0,6
R-HSA-110362,POLB-Dependent Long Patch Base Excision Repair,0.16666666666666666,0.0,-0.16666666666666666,1,0,6
R-HSA-964827,"Progressive trimming of alpha-1,2-linked mannose residues from Man9/8/7GlcNAc2 to produce Man5GlcNAc2",0.16666666666666666,0.0,-0.16666666666666666,1,0,6
R-HSA-5683826,Surfactant metabolism,0.16666666666666666,0.0,-0.16666666666666666,2,0,12
R-HSA-159418,Recycling of bile acids and salts,0.16666666666666666,0.0,-0.16666666666666666,3,0,18
R-HSA-5358493,Synthesis of diphthamide-EEF2,0.16666666666666666,0.0,-0.16666666666666666,1,0,6
R-HSA-2022928,HS-GAG biosynthesis,0.16666666666666666,0.0,-0.16666666666666666,1,0,6
R-HSA-8939902,Regulation of RUNX2 expression and activity,0.5,0.3333333333333333,-0.16666666666666669,3,2,6
R-HSA-73929,"Base-Excision Repair, AP Site Formation",0.2777777777777778,0.1111111111111111,-0.16666666666666669,5,2,18
R-HSA-425407,SLC-mediated transmembrane transport,0.21893491124260356,0.04142011834319527,-0.1775147928994083,37,7,169
R-HSA-5619115,Disorders of transmembrane transporters,0.2127659574468085,0.031914893617021274,-0.18085106382978725,20,3,94
R-HSA-209931,Serotonin and melatonin biosynthesis,0.18181818181818182,0.0,-0.18181818181818182,2,0,11
R-HSA-3371497,HSP90 chaperone cycle for steroid hormone receptors (SHR) in the presence of ligand,0.3181818181818182,0.13636363636363635,-0.18181818181818182,7,3,22
R-HSA-193993,Mineralocorticoid biosynthesis,0.36363636363636365,0.18181818181818182,-0.18181818181818182,4,2,11
R-HSA-156584,Cytosolic sulfonation of small molecules,0.18181818181818182,0.0,-0.18181818181818182,8,0,44
R-HSA-9614085,FOXO-mediated transcription,0.36363636363636365,0.18181818181818182,-0.18181818181818182,4,2,11
R-HSA-434316,Fatty Acids bound to GPR40 (FFAR1) regulate insulin secretion,0.18181818181818182,0.0,-0.18181818181818182,2,0,11
R-HSA-5625740,RHO GTPases activate PKNs,0.18181818181818182,0.0,-0.18181818181818182,2,0,11
R-HSA-211916,Vitamins,0.18181818181818182,0.0,-0.18181818181818182,2,0,11
R-HSA-5579029,Metabolic disorders of biological oxidation enzymes,0.22448979591836735,0.04081632653061224,-0.1836734693877551,11,2,49
R-HSA-1483255,PI Metabolism,0.19230769230769232,0.0,-0.19230769230769232,5,0,26
R-HSA-5619102,SLC transporter disorders,0.23376623376623376,0.03896103896103896,-0.19480519480519481,18,3,77
R-HSA-9768759,Regulation of NPAS4 gene expression,0.6,0.4,-0.19999999999999996,3,2,5
R-HSA-9768777,Regulation of NPAS4 gene transcription,0.6,0.4,-0.19999999999999996,3,2,5
R-HSA-9683673,Maturation of protein 3a,0.2,0.0,-0.2,1,0,5
R-HSA-350864,Regulation of thyroid hormone activity,0.2,0.0,-0.2,1,0,5
R-HSA-1483152,Hydrolysis of LPE,0.2,0.0,-0.2,1,0,5
R-HSA-1483101,Synthesis of PS,0.2,0.0,-0.2,1,0,5
R-HSA-140180,COX reactions,0.2,0.0,-0.2,1,0,5
R-HSA-9664535,LTC4-CYSLTR mediated IL4 production,0.2,0.0,-0.2,1,0,5
R-HSA-9694719,Maturation of protein 3a,0.2,0.0,-0.2,1,0,5
R-HSA-427359,SIRT1 negatively regulates rRNA expression,0.2,0.0,-0.2,1,0,5
R-HSA-8943724,Regulation of PTEN gene transcription,0.2,0.0,-0.2,1,0,5
R-HSA-9707616,Heme signaling,0.2,0.0,-0.2,3,0,15
R-HSA-1614603,Cysteine formation from homocysteine,0.4,0.2,-0.2,2,1,5
R-HSA-211958,Miscellaneous substrates,0.2,0.0,-0.2,2,0,10
R-HSA-196791,Vitamin D (calciferol) metabolism,0.21428571428571427,0.0,-0.21428571428571427,3,0,14
R-HSA-77108,Utilization of Ketone Bodies,0.2222222222222222,0.0,-0.2222222222222222,2,0,9
R-HSA-73927,Depurination,0.2222222222222222,0.0,-0.2222222222222222,2,0,9
R-HSA-5250941,Negative epigenetic regulation of rRNA expression,0.2222222222222222,0.0,-0.2222222222222222,2,0,9
R-HSA-110331,Cleavage of the damaged purine,0.2222222222222222,0.0,-0.2222222222222222,2,0,9
R-HSA-416476,G alpha (q) signalling events,0.2222222222222222,0.0,-0.2222222222222222,14,0,63
R-HSA-211935,Fatty acids,0.2222222222222222,0.0,-0.2222222222222222,2,0,9
R-HSA-211976,Endogenous sterols,0.3,0.075,-0.22499999999999998,12,3,40
R-HSA-2980736,Peptide hormone metabolism,0.24528301886792453,0.018867924528301886,-0.22641509433962265,13,1,53
R-HSA-74217,Purine salvage,0.23333333333333334,0.0,-0.23333333333333334,7,0,30
R-HSA-428643,Organic anion transporters,0.23529411764705882,0.0,-0.23529411764705882,4,0,17
R-HSA-5625886,Activated PKN1 stimulates transcription of AR (androgen receptor) regulated genes KLK2 and KLK3,0.25,0.0,-0.25,2,0,8
R-HSA-5685939,HDR through MMEJ (alt-NHEJ),0.25,0.0,-0.25,1,0,4
R-HSA-5620920,Cargo trafficking to the periciliary membrane,0.25,0.0,-0.25,1,0,4
R-HSA-6811438,Intra-Golgi traffic,0.25,0.0,-0.25,1,0,4
R-HSA-1592230,Mitochondrial biogenesis,0.25,0.0,-0.25,4,0,16
R-HSA-9025106,Biosynthesis of DPAn-6 SPMs,0.25,0.0,-0.25,1,0,4
R-HSA-561048,Organic anion transport,0.25,0.0,-0.25,2,0,8
R-HSA-5659898,Intestinal saccharidase deficiencies,0.25,0.0,-0.25,1,0,4
R-HSA-8854214,TBC/RABGAPs,0.25,0.0,-0.25,1,0,4
R-HSA-879518,Transport of organic anions,0.25,0.0,-0.25,4,0,16
R-HSA-433692,Proton-coupled monocarboxylate transport,0.25,0.0,-0.25,2,0,8
R-HSA-9006936,Signaling by TGFB family members,0.25,0.0,-0.25,2,0,8
R-HSA-2151201,Transcriptional activation of mitochondrial biogenesis,0.26666666666666666,0.0,-0.26666666666666666,4,0,15
R-HSA-73614,Pyrimidine salvage,0.3333333333333333,0.047619047619047616,-0.2857142857142857,7,1,21
R-HSA-196071,Metabolism of steroid hormones,0.37142857142857144,0.08571428571428572,-0.2857142857142857,13,3,35
R-HSA-427601,Multifunctional anion exchangers,0.2857142857142857,0.0,-0.2857142857142857,2,0,7
R-HSA-6807070,PTEN Regulation,0.2857142857142857,0.0,-0.2857142857142857,2,0,7
R-HSA-400511,"Synthesis, secretion, and inactivation of Glucose-dependent Insulinotropic Polypeptide (GIP)",0.2857142857142857,0.0,-0.2857142857142857,2,0,7
R-HSA-1483115,Hydrolysis of LPC,0.2857142857142857,0.0,-0.2857142857142857,2,0,7
R-HSA-264642,Acetylcholine Neurotransmitter Release Cycle,0.2857142857142857,0.0,-0.2857142857142857,2,0,7
R-HSA-8956321,Nucleotide salvage,0.3181818181818182,0.022727272727272728,-0.29545454545454547,14,1,44
R-HSA-1655829,Regulation of cholesterol biosynthesis by SREBP (SREBF),0.3,0.0,-0.3,3,0,10
R-HSA-400253,Circadian Clock,0.46153846153846156,0.15384615384615385,-0.3076923076923077,6,2,13
R-HSA-425397,"Transport of vitamins, nucleosides, and related molecules",0.34375,0.015625,-0.328125,22,1,64
R-HSA-3323169,Defects in biotin (Btn) metabolism,0.3333333333333333,0.0,-0.3333333333333333,1,0,3
R-HSA-9673163,Oleoyl-phe metabolism,0.3333333333333333,0.0,-0.3333333333333333,1,0,3
R-HSA-1912399,Pre-NOTCH Processing in the Endoplasmic Reticulum,0.3333333333333333,0.0,-0.3333333333333333,1,0,3
R-HSA-5619070,Defective SLC16A1 causes symptomatic deficiency in lactate transport (SDLT),0.3333333333333333,0.0,-0.3333333333333333,2,0,6
R-HSA-193681,Ceramide signalling,0.3333333333333333,0.0,-0.3333333333333333,1,0,3
R-HSA-5619113,Defective SLC3A1 causes cystinuria (CSNU),0.3333333333333333,0.0,-0.3333333333333333,1,0,3
R-HSA-5660883,Defective SLC7A9 causes cystinuria (CSNU),0.3333333333333333,0.0,-0.3333333333333333,1,0,3
R-HSA-9729555,Sensory perception of sour taste,0.3333333333333333,0.0,-0.3333333333333333,1,0,3
R-HSA-9734281,Defective HPRT1 disrupts guanine and hypoxanthine salvage,0.3333333333333333,0.0,-0.3333333333333333,1,0,3
R-HSA-1300642,Sperm Motility And Taxes,0.3333333333333333,0.0,-0.3333333333333333,1,0,3
R-HSA-8849473,PTK6 Expression,1.0,0.6666666666666666,-0.33333333333333337,3,2,3
R-HSA-9615017,"FOXO-mediated transcription of oxidative stress, metabolic and neuronal genes",1.0,0.6666666666666666,-0.33333333333333337,3,2,3
R-HSA-194002,Glucocorticoid biosynthesis,0.42857142857142855,0.07142857142857142,-0.3571428571428571,6,1,14
R-HSA-1989781,PPARA activates gene expression,0.35714285714285715,0.0,-0.35714285714285715,5,0,14
R-HSA-400206,Regulation of lipid metabolism by PPARalpha,0.35714285714285715,0.0,-0.35714285714285715,5,0,14
R-HSA-8878166,Transcriptional regulation by RUNX2,0.5454545454545454,0.18181818181818182,-0.3636363636363636,6,2,11
R-HSA-9018519,Estrogen-dependent gene expression,0.375,0.0,-0.375,3,0,8
R-HSA-193048,Androgen biosynthesis,0.38461538461538464,0.0,-0.38461538461538464,5,0,13
R-HSA-8940973,RUNX2 regulates osteoblast differentiation,0.4,0.0,-0.4,2,0,5
R-HSA-9843743,Transcriptional regulation of brown and beige adipocyte differentiation,0.4,0.0,-0.4,2,0,5
R-HSA-9844594,Transcriptional regulation of brown and beige adipocyte differentiation by EBF2,0.4,0.0,-0.4,2,0,5
R-HSA-8941326,RUNX2 regulates bone development,0.4,0.0,-0.4,2,0,5
R-HSA-9843745,Adipogenesis,0.4166666666666667,0.0,-0.4166666666666667,5,0,12
R-HSA-2426168,Activation of gene expression by SREBF (SREBP),0.42857142857142855,0.0,-0.42857142857142855,3,0,7
R-HSA-193144,Estrogen biosynthesis,0.42857142857142855,0.0,-0.42857142857142855,3,0,7
R-HSA-804914,Transport of fatty acids,0.4444444444444444,0.0,-0.4444444444444444,4,0,9
R-HSA-6814848,Glycerophospholipid catabolism,0.4444444444444444,0.0,-0.4444444444444444,4,0,9
R-HSA-444209,Free fatty acid receptors,0.4782608695652174,0.0,-0.4782608695652174,11,0,23
R-HSA-187015,Activation of TRKA receptors,0.5,0.0,-0.5,1,0,2
R-HSA-9839373,Signaling by TGFBR3,0.5,0.0,-0.5,1,0,2
R-HSA-5619108,Defective SLC27A4 causes ichthyosis prematurity syndrome (IPS),0.5,0.0,-0.5,4,0,8
R-HSA-9701898,STAT3 nuclear events downstream of ALK signaling,0.5,0.0,-0.5,1,0,2
R-HSA-9734767,Developmental Cell Lineages,0.5,0.0,-0.5,1,0,2
R-HSA-5579017,Defective CYP11B1 causes AH4,0.5,0.0,-0.5,1,0,2
R-HSA-5579030,Defective CYP19A1 causes AEXS,0.5,0.0,-0.5,1,0,2
R-HSA-187024,NGF-independant TRKA activation,0.5,0.0,-0.5,1,0,2
R-HSA-5696394,DNA Damage Recognition in GG-NER,0.5,0.0,-0.5,1,0,2
R-HSA-5620924,Intraflagellar transport,0.5,0.0,-0.5,1,0,2
R-HSA-5579021,Defective CYP21A2 causes AH3,0.5,0.0,-0.5,1,0,2
R-HSA-189200,Cellular hexose transport,0.5,0.0,-0.5,2,0,4
R-HSA-3371599,Defective HLCS causes multiple carboxylase deficiency,0.5,0.0,-0.5,1,0,2
R-HSA-5678520,Defective ABCB11 causes PFIC2 and BRIC2,0.5,0.0,-0.5,2,0,4
R-HSA-9725554,Differentiation of keratinocytes in interfollicular epidermis in mammalian skin,0.5,0.0,-0.5,1,0,2
R-HSA-429593,Inositol transporters,0.5,0.0,-0.5,1,0,2
R-HSA-5579028,Defective CYP17A1 causes AH5,0.5,0.0,-0.5,2,0,4
R-HSA-1368082,RORA activates gene expression,0.5,0.0,-0.5,3,0,6
R-HSA-1368108,"BMAL1:CLOCK,NPAS2 activates circadian gene expression",0.5,0.0,-0.5,3,0,6
R-HSA-5579014,Defective CYP27B1 causes VDDR1A,0.5,0.0,-0.5,1,0,2
R-HSA-5336415,Uptake and function of diphtheria toxin,0.5,0.0,-0.5,1,0,2
R-HSA-381340,Transcriptional regulation of white adipocyte differentiation,0.5,0.0,-0.5,4,0,8
R-HSA-5579000,Defective CYP1B1 causes Glaucoma,0.5,0.0,-0.5,1,0,2
R-HSA-5579010,Defective CYP24A1 causes HCAI,0.5,0.0,-0.5,1,0,2
R-HSA-381771,"Synthesis, secretion, and inactivation of Glucagon-like Peptide-1 (GLP-1)",0.5714285714285714,0.0,-0.5714285714285714,12,0,21
R-HSA-400508,"Incretin synthesis, secretion, and inactivation",0.5714285714285714,0.0,-0.5714285714285714,12,0,21
R-HSA-83936,Transport of nucleosides and free purine and pyrimidine bases across the plasma membrane,0.631578947368421,0.05263157894736842,-0.5789473684210527,12,1,19
R-HSA-9735804,Diseases of nucleotide metabolism,0.6363636363636364,0.0,-0.6363636363636364,7,0,11
R-HSA-9824856,Defective regulation of TLR7 by endogenous ligand,0.6666666666666666,0.0,-0.6666666666666666,2,0,3
R-HSA-3296197,Hydroxycarboxylic acid-binding receptors,0.6666666666666666,0.0,-0.6666666666666666,2,0,3
R-HSA-9734207,Nucleotide salvage defects,0.6666666666666666,0.0,-0.6666666666666666,4,0,6
R-HSA-9735786,Nucleotide catabolism defects,0.75,0.0,-0.75,3,0,4
R-HSA-9735763,Defective PNP disrupts phosphorolysis of (deoxy)guanosine and (deoxy)inosine,0.75,0.0,-0.75,3,0,4
R-HSA-5619063,Defective SLC29A3 causes histiocytosis-lymphadenopathy plus syndrome (HLAS),1.0,0.0,-1.0,6,0,6
R-HSA-5619071,Defective SLC22A12 causes renal hypouricemia 1 (RHUC1),1.0,0.0,-1.0,1,0,1
R-HSA-390648,Muscarinic acetylcholine receptors,1.0,0.0,-1.0,1,0,1
R-HSA-9734195,Defective APRT disrupts adenine salvage,1.0,0.0,-1.0,1,0,1
R-HSA-9734735,Defective ADA disrupts (deoxy)adenosine deamination,1.0,0.0,-1.0,1,0,1
R-HSA-5579015,Defective CYP26B1 causes RHFCA,1.0,0.0,-1.0,1,0,1
R-HSA-5624138,Trafficking of myristoylated proteins to the cilium,1.0,0.0,-1.0,1,0,1
